Age,Embarked,PassengerId,Pclass,Sex,Fare_bin,Fare_class,Family_group,Title,Deck,Survived
22.0,2,1,2,1,0,0,1,2,8,0.0
38.0,0,2,0,0,3,2,1,3,2,1.0
26.0,2,3,2,0,0,0,0,1,8,1.0
35.0,2,4,0,0,3,2,1,3,2,1.0
35.0,2,5,2,1,0,0,0,2,8,0.0
28.3,1,6,2,1,0,0,0,2,8,0.0
54.0,2,7,0,1,3,2,0,2,4,0.0
2.0,2,8,2,1,2,1,0,0,8,0.0
27.0,2,9,2,0,0,0,1,3,8,1.0
14.0,0,10,1,0,2,2,1,3,8,1.0
4.0,2,11,2,0,1,1,1,1,6,1.0
58.0,2,12,0,0,2,2,0,1,2,1.0
20.0,2,13,2,1,0,0,0,2,8,0.0
39.0,2,14,2,1,2,2,0,2,8,0.0
14.0,2,15,2,0,0,0,0,1,8,0.0
55.0,2,16,1,0,1,1,0,3,8,1.0
2.0,1,17,2,1,2,1,0,0,8,0.0
33.0,2,18,1,1,0,1,0,2,8,1.0
31.0,2,19,2,0,1,1,1,3,8,0.0
32.3,0,20,2,0,0,0,0,3,8,1.0
35.0,2,21,1,1,2,2,0,2,8,0.0
34.0,2,22,1,1,0,1,0,2,3,1.0
15.0,1,23,2,0,0,0,0,1,8,1.0
28.0,2,24,0,1,2,2,0,2,0,1.0
8.0,2,25,2,0,2,1,0,1,8,0.0
38.0,2,26,2,0,2,2,0,3,8,1.0
28.3,0,27,2,1,0,0,0,2,8,0.0
19.0,2,28,0,1,3,3,0,2,2,0.0
17.3,1,29,2,0,0,0,0,1,8,1.0
28.3,2,30,2,1,0,0,0,2,8,0.0
40.0,0,31,0,1,2,2,0,2,8,0.0
43.0,0,32,0,0,3,3,1,3,1,1.0
17.3,1,33,2,0,0,0,0,1,8,1.0
66.0,2,34,1,1,0,1,0,2,8,0.0
28.0,0,35,0,1,3,2,1,2,8,0.0
42.0,2,36,0,1,3,2,1,2,8,0.0
28.3,0,37,2,1,0,0,0,2,8,1.0
21.0,2,38,2,1,0,0,0,2,8,0.0
18.0,2,39,2,0,1,1,1,1,8,0.0
14.0,0,40,2,0,0,0,1,1,8,1.0
40.0,2,41,2,0,0,0,1,3,8,0.0
27.0,2,42,1,0,1,2,1,3,8,0.0
28.3,0,43,2,1,0,0,0,2,8,0.0
3.0,0,44,1,0,2,2,1,1,8,1.0
19.0,1,45,2,0,0,0,0,1,8,1.0
28.3,2,46,2,1,0,0,0,2,8,0.0
28.3,1,47,2,1,1,1,1,2,8,0.0
17.3,1,48,2,0,0,0,0,1,8,1.0
28.3,0,49,2,1,2,1,1,2,8,0.0
18.0,2,50,2,0,1,1,1,3,8,0.0
7.0,2,51,2,1,2,2,0,0,8,0.0
21.0,2,52,2,1,0,0,0,2,8,0.0
49.0,0,53,0,0,3,2,1,3,3,1.0
29.0,2,54,1,0,2,2,1,3,8,1.0
65.0,0,55,0,1,3,2,1,2,1,0.0
42.2,2,56,0,1,2,2,0,2,2,1.0
21.0,2,57,1,0,0,1,0,1,8,1.0
28.5,0,58,2,1,0,0,0,2,8,0.0
5.0,2,59,1,0,2,2,1,1,8,1.0
11.0,2,60,2,1,2,2,0,0,8,0.0
22.0,0,61,2,1,0,0,0,2,8,0.0
38.0,0,62,0,0,3,2,0,1,1,1.0
45.0,2,63,0,1,3,2,1,2,2,0.0
4.0,2,64,2,1,2,1,0,0,8,0.0
42.2,0,65,0,1,2,2,0,2,8,0.0
6.1,0,66,2,1,1,1,1,0,8,1.0
29.0,2,67,1,0,0,1,0,3,5,1.0
19.0,2,68,2,1,0,0,0,2,8,0.0
17.0,2,69,2,0,0,0,0,1,8,1.0
26.0,2,70,2,1,0,0,1,2,8,0.0
32.0,2,71,1,1,0,1,0,2,8,0.0
16.0,2,72,2,0,2,2,0,1,8,0.0
21.0,2,73,1,1,3,2,0,2,8,0.0
26.0,0,74,2,1,1,1,1,2,8,0.0
32.0,2,75,2,1,3,2,0,2,8,1.0
25.0,2,76,2,1,0,0,0,2,5,0.0
28.3,2,77,2,1,0,0,0,2,8,0.0
28.3,2,78,2,1,0,0,0,2,8,0.0
0.83,2,79,1,1,2,2,1,0,8,1.0
30.0,2,80,2,0,0,1,0,1,8,1.0
22.0,2,81,2,1,0,0,0,2,8,0.0
29.0,2,82,2,1,0,0,0,2,8,1.0
17.3,1,83,2,0,0,0,0,1,8,1.0
28.0,2,84,0,1,2,2,0,2,8,0.0
17.0,2,85,1,0,0,1,0,1,8,1.0
33.0,2,86,2,0,1,1,1,3,8,1.0
16.0,2,87,2,1,2,2,0,2,8,0.0
28.3,2,88,2,1,0,0,0,2,8,0.0
23.0,2,89,0,0,3,3,0,1,2,1.0
24.0,2,90,2,1,0,0,0,2,8,0.0
29.0,2,91,2,1,0,0,0,2,8,0.0
20.0,2,92,2,1,0,0,0,2,8,0.0
46.0,2,93,0,1,3,2,1,2,4,0.0
26.0,2,94,2,1,1,1,1,2,8,0.0
59.0,2,95,2,1,0,0,0,2,8,0.0
28.3,2,96,2,1,0,0,0,2,8,0.0
71.0,0,97,0,1,2,2,0,2,0,0.0
23.0,0,98,0,1,3,2,1,2,3,1.0
34.0,2,99,1,0,2,2,1,3,8,1.0
34.0,2,100,1,1,2,2,1,2,8,0.0
28.0,2,101,2,0,0,0,0,1,8,0.0
28.3,2,102,2,1,0,0,0,2,8,0.0
21.0,2,103,0,1,3,2,1,2,3,0.0
33.0,2,104,2,1,0,0,0,2,8,0.0
37.0,2,105,2,1,0,0,1,2,8,0.0
28.0,2,106,2,1,0,0,0,2,8,0.0
21.0,2,107,2,0,0,0,0,1,8,1.0
28.3,2,108,2,1,0,0,0,2,8,1.0
38.0,2,109,2,1,0,0,0,2,8,0.0
17.3,1,110,2,0,2,1,1,1,8,1.0
47.0,2,111,0,1,3,2,0,2,2,0.0
14.5,0,112,2,0,1,1,1,1,8,0.0
22.0,2,113,2,1,0,0,0,2,8,0.0
20.0,2,114,2,0,0,0,1,1,8,0.0
17.0,0,115,2,0,1,1,0,1,8,0.0
21.0,2,116,2,1,0,0,0,2,8,0.0
70.5,1,117,2,1,0,0,0,2,8,0.0
29.0,2,118,1,1,1,2,1,2,8,0.0
24.0,0,119,0,1,3,3,1,2,1,0.0
2.0,2,120,2,0,2,2,0,1,8,0.0
21.0,2,121,1,1,3,2,1,2,8,0.0
28.3,2,122,2,1,0,0,0,2,8,0.0
32.5,0,123,1,1,2,2,1,2,8,0.0
32.5,2,124,1,0,0,1,0,1,4,1.0
54.0,2,125,0,1,3,2,1,2,3,0.0
12.0,0,126,2,1,0,0,1,0,8,1.0
28.3,1,127,2,1,0,0,0,2,8,0.0
24.0,2,128,2,1,0,0,0,2,8,1.0
17.3,0,129,2,0,2,1,1,1,5,1.0
45.0,2,130,2,1,0,0,0,2,8,0.0
33.0,0,131,2,1,0,0,0,2,8,0.0
20.0,2,132,2,1,0,0,0,2,8,0.0
47.0,2,133,2,0,1,1,1,3,8,0.0
29.0,2,134,1,0,2,2,1,3,8,1.0
25.0,2,135,1,1,0,1,0,2,8,0.0
23.0,0,136,1,1,1,1,0,2,8,0.0
19.0,2,137,0,0,2,2,1,1,3,1.0
37.0,2,138,0,1,3,2,1,2,2,0.0
16.0,2,139,2,1,0,0,0,2,8,0.0
24.0,0,140,0,1,3,2,0,2,1,0.0
32.3,0,141,2,0,1,1,1,3,8,0.0
22.0,2,142,2,0,0,0,0,1,8,1.0
24.0,2,143,2,0,1,1,1,3,8,1.0
19.0,1,144,2,1,0,0,0,2,8,0.0
18.0,2,145,1,1,0,1,0,2,8,0.0
19.0,2,146,1,1,2,2,1,2,8,0.0
27.0,2,147,2,1,0,0,0,2,8,1.0
9.0,2,148,2,0,2,2,0,1,8,0.0
36.5,2,149,1,1,2,2,1,2,5,0.0
42.0,2,150,1,1,0,1,0,2,8,0.0
51.0,2,151,1,1,0,1,0,2,8,0.0
22.0,2,152,0,0,3,2,1,3,2,1.0
55.5,2,153,2,1,0,0,0,2,8,0.0
40.5,2,154,2,1,1,1,1,2,8,0.0
28.3,2,155,2,1,0,0,0,2,8,0.0
51.0,0,156,0,1,3,2,1,2,8,0.0
16.0,1,157,2,0,0,0,0,1,8,1.0
30.0,2,158,2,1,0,0,0,2,8,0.0
28.3,2,159,2,1,0,0,0,2,8,0.0
6.1,2,160,2,1,3,2,0,0,8,0.0
44.0,2,161,2,1,1,1,1,2,8,0.0
40.0,2,162,1,0,1,1,0,3,8,1.0
26.0,2,163,2,1,0,0,0,2,8,0.0
17.0,2,164,2,1,0,0,0,2,8,0.0
1.0,2,165,2,1,2,2,0,0,8,0.0
9.0,2,166,2,1,1,1,1,0,8,1.0
43.0,2,167,0,0,3,2,1,3,4,1.0
45.0,2,168,2,0,2,1,0,3,8,0.0
42.2,2,169,0,1,2,2,0,2,8,0.0
28.0,2,170,2,1,3,2,0,2,8,0.0
61.0,2,171,0,1,2,2,0,2,1,0.0
4.0,1,172,2,1,2,1,0,0,8,0.0
1.0,2,173,2,0,0,0,1,1,8,1.0
21.0,2,174,2,1,0,0,0,2,8,0.0
56.0,0,175,0,1,2,2,0,2,0,0.0
18.0,2,176,2,1,0,0,1,2,8,0.0
6.1,2,177,2,1,2,1,0,0,8,0.0
50.0,0,178,0,0,2,2,0,1,2,0.0
30.0,2,179,1,1,0,1,0,2,8,0.0
36.0,2,180,2,1,-1,-1,0,2,8,0.0
17.3,2,181,2,0,3,2,0,1,8,0.0
33.0,0,182,1,1,1,1,0,2,8,0.0
9.0,2,183,2,1,2,2,0,0,8,0.0
1.0,2,184,1,1,2,2,1,0,5,1.0
4.0,2,185,2,0,2,1,1,1,8,1.0
42.2,2,186,0,1,2,2,0,2,0,0.0
32.3,1,187,2,0,1,1,1,3,8,1.0
45.0,2,188,0,1,2,2,0,2,8,1.0
40.0,1,189,2,1,1,1,1,2,8,0.0
36.0,2,190,2,1,0,0,0,2,8,0.0
32.0,2,191,1,0,0,1,0,3,8,1.0
19.0,2,192,1,1,0,1,0,2,8,0.0
19.0,2,193,2,0,0,0,1,1,8,1.0
3.0,2,194,1,1,2,2,1,0,5,1.0
44.0,0,195,0,0,2,2,0,3,1,1.0
58.0,0,196,0,0,3,3,0,1,1,1.0
28.3,1,197,2,1,0,0,0,2,8,0.0
42.0,2,198,2,1,0,0,1,2,8,0.0
17.3,1,199,2,0,0,0,0,1,8,1.0
24.0,2,200,1,0,0,1,0,1,8,0.0
28.0,2,201,2,1,0,0,0,2,8,0.0
28.3,2,202,2,1,3,2,0,2,8,0.0
34.0,2,203,2,1,0,0,0,2,8,0.0
45.5,0,204,2,1,0,0,0,2,8,0.0
18.0,2,205,2,1,0,0,0,2,8,1.0
2.0,2,206,2,0,0,0,1,1,6,0.0
32.0,2,207,2,1,1,1,1,2,8,0.0
26.0,0,208,2,1,1,1,0,2,8,1.0
16.0,1,209,2,0,0,0,0,1,8,1.0
40.0,0,210,0,1,2,2,0,2,0,1.0
24.0,2,211,2,1,0,0,0,2,8,0.0
35.0,2,212,1,0,1,2,0,1,8,1.0
22.0,2,213,2,1,0,0,0,2,8,0.0
30.0,2,214,1,1,0,1,0,2,8,0.0
28.3,1,215,2,1,0,0,1,2,8,0.0
31.0,0,216,0,0,3,3,1,1,3,1.0
27.0,2,217,2,0,0,0,0,1,8,1.0
42.0,2,218,1,1,2,2,1,2,8,0.0
32.0,0,219,0,0,3,2,0,1,3,1.0
30.0,2,220,1,1,0,1,0,2,8,0.0
16.0,2,221,2,1,0,0,0,2,8,1.0
27.0,2,222,1,1,0,1,0,2,8,0.0
51.0,2,223,2,1,0,0,0,2,8,0.0
28.3,2,224,2,1,0,0,0,2,8,0.0
38.0,2,225,0,1,3,3,1,2,2,1.0
22.0,2,226,2,1,0,0,0,2,8,0.0
19.0,2,227,1,1,0,1,0,2,8,1.0
20.5,2,228,2,1,0,0,0,2,8,0.0
18.0,2,229,1,1,0,1,0,2,8,0.0
17.3,2,230,2,0,2,1,0,1,8,0.0
35.0,2,231,0,0,3,2,1,3,2,1.0
29.0,2,232,2,1,0,0,0,2,8,0.0
59.0,2,233,1,1,1,1,0,2,8,0.0
5.0,2,234,2,0,2,2,0,1,8,1.0
24.0,2,235,1,1,0,1,0,2,8,0.0
17.3,2,236,2,0,0,0,0,1,8,0.0
44.0,2,237,1,1,2,2,1,2,8,0.0
8.0,2,238,1,0,2,2,1,1,8,1.0
19.0,2,239,1,1,0,1,0,2,8,0.0
33.0,2,240,1,1,0,1,0,2,8,0.0
17.3,0,241,2,0,1,1,1,1,8,0.0
17.3,1,242,2,0,1,1,1,1,8,1.0
29.0,2,243,1,1,0,1,0,2,8,0.0
22.0,2,244,2,1,0,0,0,2,8,0.0
30.0,0,245,2,1,0,0,0,2,8,0.0
44.0,1,246,0,1,3,3,1,2,2,0.0
25.0,2,247,2,0,0,0,0,1,8,0.0
24.0,2,248,1,0,1,1,1,3,8,1.0
37.0,2,249,0,1,3,2,1,2,3,1.0
54.0,2,250,1,1,2,2,1,2,8,0.0
28.3,2,251,2,1,0,0,0,2,8,0.0
29.0,2,252,2,0,0,0,1,3,6,0.0
62.0,2,253,0,1,2,2,0,2,2,0.0
30.0,2,254,2,1,1,1,1,2,8,0.0
41.0,2,255,2,0,1,1,1,3,8,0.0
29.0,0,256,2,0,1,1,1,3,8,1.0
43.0,0,257,0,0,3,2,0,3,8,1.0
30.0,2,258,0,0,3,2,0,1,1,1.0
35.0,0,259,0,0,3,3,0,1,8,1.0
50.0,2,260,1,0,2,2,1,3,8,1.0
28.3,1,261,2,1,0,0,0,2,8,0.0
3.0,2,262,2,1,2,2,0,0,8,1.0
52.0,2,263,0,1,3,2,1,2,4,0.0
40.0,2,264,0,1,-1,-1,0,2,1,0.0
17.3,1,265,2,0,0,0,0,1,8,0.0
36.0,2,266,1,1,0,1,0,2,8,0.0
16.0,2,267,2,1,2,2,0,2,8,0.0
25.0,2,268,2,1,0,0,1,2,8,1.0
58.0,2,269,0,0,3,3,1,3,2,1.0
35.0,2,270,0,0,3,3,0,1,2,1.0
42.2,2,271,0,1,2,2,0,2,8,0.0
25.0,2,272,2,1,-1,-1,0,2,8,1.0
41.0,2,273,1,0,1,1,1,3,8,1.0
37.0,0,274,0,1,2,2,1,2,2,0.0
17.3,1,275,2,0,0,0,0,1,8,1.0
63.0,2,276,0,0,3,2,1,1,3,1.0
45.0,2,277,2,0,0,0,0,1,8,0.0
33.0,2,278,1,1,-1,-1,0,2,8,0.0
7.0,1,279,2,1,2,1,0,0,8,0.0
35.0,2,280,2,0,1,1,1,3,8,1.0
65.0,1,281,2,1,0,0,0,2,8,0.0
28.0,2,282,2,1,0,0,0,2,8,0.0
16.0,2,283,2,1,0,0,0,2,8,0.0
19.0,2,284,2,1,0,0,0,2,8,1.0
42.2,2,285,0,1,2,2,0,2,0,0.0
33.0,0,286,2,1,0,0,0,2,8,0.0
30.0,2,287,2,1,0,0,0,2,8,1.0
22.0,2,288,2,1,0,0,0,2,8,0.0
42.0,2,289,1,1,0,1,0,2,8,1.0
22.0,1,290,2,0,0,0,0,1,8,1.0
26.0,2,291,0,0,3,2,0,1,8,1.0
19.0,0,292,0,0,3,3,1,3,1,1.0
36.0,0,293,1,1,0,1,0,2,3,0.0
24.0,2,294,2,0,0,0,0,1,8,0.0
24.0,2,295,2,1,0,0,0,2,8,0.0
42.2,0,296,0,1,2,2,0,2,8,0.0
23.5,0,297,2,1,0,0,0,2,8,0.0
2.0,2,298,0,0,3,3,1,1,2,0.0
42.2,2,299,0,1,2,2,0,2,2,1.0
50.0,0,300,0,0,3,3,1,3,1,1.0
17.3,1,301,2,0,0,0,0,1,8,1.0
28.3,1,302,2,1,2,1,1,2,8,1.0
19.0,2,303,2,1,-1,-1,0,2,8,0.0
21.1,1,304,1,0,0,1,0,1,4,1.0
28.3,2,305,2,1,0,0,0,2,8,0.0
0.92,2,306,0,1,3,3,1,0,2,1.0
30.1,0,307,0,0,3,3,0,1,8,1.0
17.0,0,308,0,0,3,3,1,3,2,1.0
30.0,0,309,1,1,2,2,1,2,8,0.0
30.0,0,310,0,0,3,2,0,1,4,1.0
24.0,0,311,0,0,3,2,0,1,2,1.0
18.0,0,312,0,0,3,3,0,1,1,1.0
26.0,2,313,1,0,2,2,1,3,8,0.0
28.0,2,314,2,1,0,0,0,2,8,0.0
43.0,2,315,1,1,2,2,1,2,8,0.0
26.0,2,316,2,0,0,0,0,1,8,1.0
24.0,2,317,1,0,2,2,1,3,8,1.0
54.0,2,318,1,1,1,1,0,2,8,0.0
31.0,2,319,0,0,3,3,1,1,2,1.0
40.0,0,320,0,0,3,3,1,3,4,1.0
22.0,2,321,2,1,0,0,0,2,8,0.0
27.0,2,322,2,1,0,0,0,2,8,0.0
30.0,1,323,1,0,0,1,0,1,8,1.0
22.0,2,324,1,0,2,2,1,3,8,1.0
28.3,2,325,2,1,3,2,0,2,8,0.0
36.0,0,326,0,0,3,3,0,1,2,1.0
61.0,2,327,2,1,0,0,0,2,8,0.0
36.0,2,328,1,0,0,1,0,3,3,1.0
31.0,2,329,2,0,1,1,1,3,8,1.0
16.0,0,330,0,0,3,2,1,1,1,1.0
17.3,1,331,2,0,2,1,1,1,8,1.0
45.5,2,332,0,1,2,2,0,2,2,0.0
38.0,2,333,0,1,3,3,1,2,2,0.0
16.0,2,334,2,1,1,1,1,2,8,0.0
43.0,2,335,0,0,3,3,1,3,8,1.0
28.3,2,336,2,1,0,0,0,2,8,0.0
29.0,2,337,0,1,3,2,1,2,2,0.0
41.0,0,338,0,0,3,3,0,1,4,1.0
45.0,2,339,2,1,0,0,0,2,8,1.0
45.0,2,340,0,1,2,2,0,2,7,0.0
2.0,2,341,1,1,2,2,1,0,5,1.0
24.0,2,342,0,0,3,3,0,1,2,1.0
28.0,2,343,1,1,0,1,0,2,8,0.0
25.0,2,344,1,1,0,1,0,2,8,0.0
36.0,2,345,1,1,0,1,0,2,8,0.0
24.0,2,346,1,0,0,1,0,1,5,1.0
40.0,2,347,1,0,0,1,0,1,8,1.0
32.3,2,348,2,0,1,1,1,3,8,1.0
3.0,2,349,2,1,1,1,1,0,8,1.0
42.0,2,350,2,1,0,0,0,2,8,0.0
23.0,2,351,2,1,0,0,0,2,8,0.0
42.2,2,352,0,1,2,2,0,2,2,0.0
15.0,0,353,2,1,0,0,1,2,8,0.0
25.0,2,354,2,1,1,1,1,2,8,0.0
28.3,0,355,2,1,0,0,0,2,8,0.0
28.0,2,356,2,1,0,0,0,2,8,0.0
22.0,2,357,0,0,3,2,1,1,4,1.0
38.0,2,358,1,0,0,1,0,1,8,0.0
17.3,1,359,2,0,0,0,0,1,8,1.0
17.3,1,360,2,0,0,0,0,1,8,1.0
40.0,2,361,2,1,2,1,0,2,8,0.0
29.0,0,362,1,1,2,2,1,2,8,0.0
45.0,0,363,2,0,1,1,1,3,8,0.0
35.0,2,364,2,1,0,0,0,2,8,0.0
28.3,1,365,2,1,1,1,1,2,8,0.0
30.0,2,366,2,1,0,0,0,2,8,0.0
60.0,0,367,0,0,3,2,1,3,3,1.0
32.3,0,368,2,0,0,0,0,3,8,1.0
17.3,1,369,2,0,0,0,0,1,8,1.0
24.0,0,370,0,0,3,2,0,3,1,1.0
25.0,0,371,0,1,3,2,1,2,4,1.0
18.0,2,372,2,1,0,0,1,2,8,0.0
19.0,2,373,2,1,0,0,0,2,8,0.0
22.0,0,374,0,1,3,3,0,2,8,0.0
3.0,2,375,2,0,2,1,0,1,8,0.0
43.0,0,376,0,0,3,2,1,3,8,1.0
22.0,2,377,2,0,0,0,0,1,8,1.0
27.0,0,378,0,1,3,3,1,2,2,0.0
20.0,0,379,2,1,0,0,0,2,8,0.0
19.0,2,380,2,1,0,0,0,2,8,0.0
42.0,0,381,0,0,3,3,0,1,8,1.0
1.0,0,382,2,0,1,1,1,1,8,1.0
32.0,2,383,2,1,0,0,0,2,8,0.0
35.0,2,384,0,0,3,2,1,3,8,1.0
28.3,2,385,2,1,0,0,0,2,8,0.0
18.0,2,386,1,1,3,2,0,2,8,0.0
1.0,2,387,2,1,2,2,0,0,8,0.0
36.0,2,388,1,0,0,1,0,1,8,1.0
28.3,1,389,2,1,0,0,0,2,8,0.0
17.0,0,390,1,0,0,1,0,1,8,1.0
36.0,2,391,0,1,3,3,1,2,1,1.0
21.0,2,392,2,1,0,0,0,2,8,1.0
28.0,2,393,2,1,0,0,1,2,8,0.0
23.0,0,394,0,0,3,3,1,1,3,1.0
24.0,2,395,2,0,1,1,1,3,6,1.0
22.0,2,396,2,1,0,0,0,2,8,0.0
31.0,2,397,2,0,0,0,0,1,8,0.0
46.0,2,398,1,1,2,2,0,2,8,0.0
23.0,2,399,1,1,0,1,0,2,8,0.0
28.0,2,400,1,0,0,1,0,3,8,1.0
39.0,2,401,2,1,0,0,0,2,8,1.0
26.0,2,402,2,1,0,0,0,2,8,0.0
21.0,2,403,2,0,0,0,1,1,8,0.0
28.0,2,404,2,1,1,1,1,2,8,0.0
20.0,2,405,2,0,0,0,0,1,8,0.0
34.0,2,406,1,1,1,2,1,2,8,0.0
51.0,2,407,2,1,0,0,0,2,8,0.0
3.0,2,408,1,1,1,1,1,0,8,1.0
21.0,2,409,2,1,0,0,0,2,8,0.0
17.3,2,410,2,0,2,1,0,1,8,0.0
28.3,2,411,2,1,0,0,0,2,8,0.0
28.3,1,412,2,1,0,0,0,2,8,0.0
33.0,1,413,0,0,3,3,1,1,2,1.0
33.0,2,414,1,1,-1,-1,0,2,8,0.0
44.0,2,415,2,1,0,0,0,2,8,1.0
32.3,2,416,2,0,0,0,0,3,8,0.0
34.0,2,417,1,0,2,2,1,3,8,1.0
18.0,2,418,1,0,0,1,1,1,8,1.0
30.0,2,419,1,1,0,1,0,2,8,0.0
10.0,2,420,2,0,2,1,1,1,8,0.0
28.3,0,421,2,1,0,0,0,2,8,0.0
21.0,1,422,2,1,0,0,0,2,8,0.0
29.0,2,423,2,1,0,0,0,2,8,0.0
28.0,2,424,2,0,1,1,1,3,8,0.0
18.0,2,425,2,1,1,1,1,2,8,0.0
28.3,2,426,2,1,0,0,0,2,8,0.0
28.0,2,427,1,0,2,2,1,3,8,1.0
19.0,2,428,1,0,2,2,0,1,8,1.0
28.3,1,429,2,1,0,0,0,2,8,0.0
32.0,2,430,2,1,0,0,0,2,4,1.0
28.0,2,431,0,1,2,2,0,2,2,1.0
32.3,2,432,2,0,1,1,1,3,8,1.0
42.0,2,433,1,0,2,2,1,3,8,1.0
17.0,2,434,2,1,0,0,0,2,8,0.0
50.0,2,435,0,1,3,2,1,2,4,0.0
14.0,2,436,0,0,3,3,1,1,1,1.0
21.0,2,437,2,0,2,2,0,1,8,0.0
24.0,2,438,1,0,1,1,0,3,8,1.0
64.0,2,439,0,1,3,3,0,2,2,0.0
31.0,2,440,1,1,0,1,0,2,8,0.0
45.0,2,441,1,0,2,2,1,3,8,1.0
20.0,2,442,2,1,0,0,0,2,8,0.0
25.0,2,443,2,1,0,0,1,2,8,0.0
28.0,2,444,1,0,0,1,0,1,8,1.0
28.3,2,445,2,1,0,0,0,2,8,1.0
4.0,2,446,0,1,3,2,1,0,0,1.0
13.0,2,447,1,0,1,1,1,1,8,1.0
34.0,2,448,0,1,2,2,0,2,8,1.0
5.0,0,449,2,0,1,1,1,1,8,1.0
52.0,2,450,0,1,2,2,0,2,2,1.0
36.0,2,451,1,1,2,2,1,2,8,0.0
28.3,2,452,2,1,1,1,1,2,8,0.0
30.0,0,453,0,1,2,2,0,2,2,0.0
49.0,0,454,0,1,3,3,1,2,2,1.0
28.3,2,455,2,1,0,0,0,2,8,0.0
29.0,0,456,2,1,0,0,0,2,8,1.0
65.0,2,457,0,1,2,2,0,2,4,0.0
43.0,2,458,0,0,3,2,1,3,3,1.0
50.0,2,459,1,0,0,1,0,1,8,1.0
28.3,1,460,2,1,0,0,0,2,8,0.0
48.0,2,461,0,1,2,2,0,2,4,1.0
34.0,2,462,2,1,0,0,0,2,8,0.0
47.0,2,463,0,1,2,2,0,2,4,0.0
48.0,2,464,1,1,0,1,0,2,8,0.0
28.3,2,465,2,1,0,0,0,2,8,0.0
38.0,2,466,2,1,0,0,0,2,8,0.0
33.0,2,467,1,1,-1,-1,0,2,8,0.0
56.0,2,468,0,1,2,2,0,2,8,0.0
28.3,1,469,2,1,0,0,0,2,8,0.0
0.75,0,470,2,0,1,1,1,1,8,1.0
28.3,2,471,2,1,0,0,0,2,8,0.0
38.0,2,472,2,1,0,0,0,2,8,0.0
33.0,2,473,1,0,2,2,1,3,8,1.0
23.0,0,474,1,0,1,1,0,3,3,1.0
22.0,2,475,2,0,0,0,0,1,8,0.0
42.2,2,476,0,1,3,2,0,2,0,0.0
34.0,2,477,1,1,1,2,1,2,8,0.0
29.0,2,478,2,1,0,0,1,2,8,0.0
22.0,2,479,2,1,0,0,0,2,8,0.0
2.0,2,480,2,0,0,1,1,1,8,1.0
9.0,2,481,2,1,2,2,0,0,8,0.0
33.0,2,482,1,1,-1,-1,0,2,8,0.0
50.0,2,483,2,1,0,0,0,2,8,0.0
63.0,2,484,2,0,0,0,0,3,8,1.0
25.0,0,485,0,1,3,3,1,2,1,1.0
17.3,2,486,2,0,2,1,0,1,8,0.0
35.0,2,487,0,0,3,3,1,3,2,1.0
58.0,0,488,0,1,2,2,0,2,1,0.0
30.0,2,489,2,1,0,0,0,2,8,0.0
9.0,2,490,2,1,1,1,1,0,8,1.0
28.3,2,491,2,1,1,1,1,2,8,0.0
21.0,2,492,2,1,0,0,0,2,8,0.0
55.0,2,493,0,1,2,2,0,2,2,0.0
71.0,0,494,0,1,2,2,0,2,8,0.0
21.0,2,495,2,1,0,0,0,2,8,0.0
28.3,0,496,2,1,1,1,0,2,8,0.0
54.0,0,497,0,0,3,2,1,1,3,1.0
28.3,2,498,2,1,1,1,0,2,8,0.0
25.0,2,499,0,0,3,3,1,3,2,0.0
24.0,2,500,2,1,0,0,0,2,8,0.0
17.0,2,501,2,1,0,0,0,2,8,0.0
21.0,1,502,2,0,0,0,0,1,8,0.0
17.3,1,503,2,0,0,0,0,1,8,0.0
37.0,2,504,2,0,0,0,0,1,8,0.0
16.0,2,505,0,0,3,2,0,1,1,1.0
18.0,0,506,0,1,3,3,1,2,2,0.0
33.0,2,507,1,0,2,2,1,3,8,1.0
42.2,2,508,0,1,2,2,0,2,8,1.0
28.0,2,509,2,1,2,1,0,2,8,0.0
26.0,2,510,2,1,3,2,0,2,8,1.0
29.0,1,511,2,1,0,0,0,2,8,1.0
28.3,2,512,2,1,0,0,0,2,8,0.0
36.0,2,513,0,1,2,2,0,2,4,1.0
54.0,0,514,0,0,3,2,1,3,8,1.0
24.0,2,515,2,1,0,0,0,2,8,0.0
47.0,2,516,0,1,2,2,0,2,3,0.0
34.0,2,517,1,0,0,1,0,3,5,1.0
28.3,1,518,2,1,2,1,0,2,8,0.0
36.0,2,519,1,0,2,2,1,3,8,1.0
32.0,2,520,2,1,0,0,0,2,8,0.0
30.0,2,521,0,0,3,3,0,1,1,1.0
22.0,2,522,2,1,0,0,0,2,8,0.0
28.3,0,523,2,1,0,0,0,2,8,0.0
44.0,0,524,0,0,3,2,1,3,1,1.0
28.3,0,525,2,1,0,0,0,2,8,0.0
40.5,1,526,2,1,0,0,0,2,8,0.0
50.0,2,527,1,0,0,1,0,1,8,1.0
42.2,2,528,0,1,3,3,0,2,2,0.0
39.0,2,529,2,1,0,0,0,2,8,0.0
23.0,2,530,1,1,0,1,1,2,8,0.0
2.0,2,531,1,0,2,2,1,1,8,1.0
28.3,0,532,2,1,0,0,0,2,8,0.0
17.0,0,533,2,1,0,0,1,2,8,0.0
32.3,0,534,2,0,2,1,1,3,8,1.0
30.0,2,535,2,0,0,0,0,1,8,0.0
7.0,2,536,1,0,2,2,1,1,8,1.0
45.0,2,537,0,1,2,2,0,2,1,0.0
30.0,0,538,0,0,3,3,0,1,8,1.0
28.3,2,539,2,1,1,1,0,2,8,0.0
22.0,0,540,0,0,2,2,1,1,1,1.0
36.0,2,541,0,0,3,2,1,1,1,1.0
9.0,2,542,2,0,2,2,0,1,8,0.0
11.0,2,543,2,0,2,2,0,1,8,0.0
32.0,2,544,1,1,2,2,1,2,8,1.0
50.0,0,545,0,1,3,3,1,2,2,0.0
64.0,2,546,0,1,2,2,0,2,8,0.0
19.0,2,547,1,0,2,2,1,3,8,1.0
33.0,0,548,1,1,1,1,0,2,8,1.0
33.0,2,549,2,1,1,1,1,2,8,0.0
8.0,2,550,1,1,2,2,1,0,8,1.0
17.0,0,551,0,1,3,3,1,2,2,1.0
27.0,2,552,1,1,2,2,0,2,8,0.0
28.3,1,553,2,1,0,0,0,2,8,0.0
22.0,0,554,2,1,0,0,0,2,8,1.0
22.0,2,555,2,0,0,0,0,1,8,1.0
62.0,2,556,0,1,2,2,0,2,8,0.0
48.0,0,557,0,0,2,2,1,3,0,1.0
42.2,0,558,0,1,3,3,0,2,8,0.0
39.0,2,559,0,0,3,2,1,3,4,1.0
36.0,2,560,2,0,1,1,1,3,8,1.0
28.3,1,561,2,1,0,0,0,2,8,0.0
40.0,2,562,2,1,0,0,0,2,8,0.0
28.0,2,563,1,1,1,1,0,2,8,0.0
28.3,2,564,2,1,0,0,0,2,8,0.0
17.3,2,565,2,0,0,0,0,1,8,0.0
24.0,2,566,2,1,2,1,1,2,8,0.0
19.0,2,567,2,1,0,0,0,2,8,0.0
29.0,2,568,2,0,2,1,0,3,8,0.0
28.3,0,569,2,1,0,0,0,2,8,0.0
32.0,2,570,2,1,0,0,0,2,8,1.0
62.0,2,571,1,1,0,1,0,2,8,1.0
53.0,2,572,0,0,3,2,1,3,2,1.0
36.0,2,573,0,1,2,2,0,2,4,1.0
17.3,1,574,2,0,0,0,0,1,8,1.0
16.0,2,575,2,1,0,0,0,2,8,0.0
19.0,2,576,2,1,1,1,0,2,8,0.0
34.0,2,577,1,0,0,1,0,1,8,1.0
39.0,2,578,0,0,3,2,1,3,4,1.0
32.3,0,579,2,0,1,1,1,3,8,0.0
32.0,2,580,2,1,0,0,0,2,8,1.0
25.0,2,581,1,0,2,2,1,1,8,1.0
39.0,0,582,0,0,3,3,1,3,2,1.0
54.0,2,583,1,1,2,2,0,2,8,0.0
36.0,0,584,0,1,2,2,0,2,0,0.0
28.3,0,585,2,1,0,0,0,2,8,0.0
18.0,2,586,0,0,3,2,1,1,4,1.0
47.0,2,587,1,1,1,1,0,2,8,0.0
60.0,0,588,0,1,3,2,1,2,1,1.0
22.0,2,589,2,1,0,0,0,2,8,0.0
28.3,2,590,2,1,0,0,0,2,8,0.0
35.0,2,591,2,1,0,0,0,2,8,0.0
52.0,0,592,0,0,3,2,1,3,3,1.0
47.0,2,593,2,1,0,0,0,2,8,0.0
17.3,1,594,2,0,0,0,1,1,8,0.0
37.0,2,595,1,1,2,2,1,2,8,0.0
36.0,2,596,2,1,2,1,1,2,8,0.0
21.1,2,597,1,0,2,2,0,1,8,1.0
49.0,2,598,2,1,-1,-1,0,2,8,0.0
28.3,0,599,2,1,0,0,0,2,8,0.0
49.0,0,600,0,1,3,2,1,2,0,1.0
24.0,2,601,1,0,2,2,1,3,8,1.0
28.3,2,602,2,1,0,0,0,2,8,0.0
42.2,2,603,0,1,2,2,0,2,8,0.0
44.0,2,604,2,1,0,0,0,2,8,0.0
35.0,0,605,0,1,2,2,0,2,8,1.0
36.0,2,606,2,1,1,1,1,2,8,0.0
30.0,2,607,2,1,0,0,0,2,8,0.0
27.0,2,608,0,1,2,2,0,2,8,1.0
22.0,0,609,1,0,2,2,1,3,8,1.0
40.0,2,610,0,0,3,3,0,1,2,1.0
39.0,2,611,2,0,2,2,0,3,8,0.0
28.3,2,612,2,1,0,0,0,2,8,0.0
17.3,1,613,2,0,1,1,1,1,8,1.0
28.3,1,614,2,1,0,0,0,2,8,0.0
35.0,2,615,2,1,0,0,0,2,8,0.0
24.0,2,616,1,0,3,2,1,1,8,1.0
34.0,2,617,2,1,1,1,1,2,8,0.0
26.0,2,618,2,0,1,1,1,3,8,0.0
4.0,2,619,1,0,2,2,1,1,5,1.0
26.0,2,620,1,1,0,1,0,2,8,0.0
27.0,0,621,2,1,1,1,1,2,8,0.0
42.0,2,622,0,1,3,2,1,2,3,1.0
20.0,0,623,2,1,1,1,1,2,8,1.0
21.0,2,624,2,1,0,0,0,2,8,0.0
21.0,2,625,2,1,1,1,0,2,8,0.0
61.0,2,626,0,1,2,2,0,2,3,0.0
57.0,1,627,1,1,0,1,0,2,8,0.0
21.0,2,628,0,0,3,2,0,1,3,1.0
26.0,2,629,2,1,0,0,0,2,8,0.0
28.3,1,630,2,1,0,0,0,2,8,0.0
80.0,2,631,0,1,2,2,0,2,0,1.0
51.0,2,632,2,1,0,0,0,2,8,0.0
32.0,0,633,0,1,2,2,0,2,1,1.0
42.2,2,634,0,1,-1,-1,0,2,8,0.0
9.0,2,635,2,0,2,1,0,1,8,0.0
28.0,2,636,1,0,0,1,0,1,8,1.0
32.0,2,637,2,1,0,0,0,2,8,0.0
31.0,2,638,1,1,2,2,1,2,8,0.0
41.0,2,639,2,0,2,2,0,3,8,0.0
28.3,2,640,2,1,1,1,1,2,8,0.0
20.0,2,641,2,1,0,0,0,2,8,0.0
24.0,0,642,0,0,3,2,0,1,1,1.0
2.0,2,643,2,0,2,1,0,1,8,0.0
28.3,2,644,2,1,3,2,0,2,8,1.0
0.75,0,645,2,0,1,1,1,1,8,1.0
48.0,0,646,0,1,3,2,1,2,3,1.0
19.0,2,647,2,1,0,0,0,2,8,0.0
56.0,0,648,0,1,2,2,0,2,0,1.0
28.3,2,649,2,1,0,0,0,2,8,0.0
23.0,2,650,2,0,0,0,0,1,8,1.0
28.3,2,651,2,1,0,0,0,2,8,0.0
18.0,2,652,1,0,2,2,1,1,8,1.0
21.0,2,653,2,1,0,0,0,2,8,0.0
17.3,1,654,2,0,0,0,0,1,8,1.0
18.0,1,655,2,0,0,0,0,1,8,0.0
24.0,2,656,1,1,3,2,1,2,8,0.0
28.3,2,657,2,1,0,0,0,2,8,0.0
32.0,1,658,2,0,1,1,1,3,8,0.0
23.0,2,659,1,1,0,1,0,2,8,0.0
58.0,0,660,0,1,3,3,1,2,3,0.0
50.0,2,661,0,1,3,3,1,2,8,1.0
40.0,0,662,2,1,0,0,0,2,8,0.0
47.0,2,663,0,1,2,2,0,2,4,0.0
36.0,2,664,2,1,0,0,0,2,8,0.0
20.0,2,665,2,1,0,0,1,2,8,1.0
32.0,2,666,1,1,3,2,1,2,8,0.0
25.0,2,667,1,1,0,1,0,2,8,0.0
28.3,2,668,2,1,0,0,0,2,8,0.0
43.0,2,669,2,1,0,0,0,2,8,0.0
43.0,2,670,0,0,3,2,1,3,2,1.0
40.0,2,671,1,0,2,2,1,3,8,1.0
31.0,2,672,0,1,3,2,1,2,1,0.0
70.0,2,673,1,1,0,1,0,2,8,0.0
31.0,2,674,1,1,0,1,0,2,8,1.0
33.0,2,675,1,1,-1,-1,0,2,8,0.0
18.0,2,676,2,1,0,0,0,2,8,0.0
24.5,2,677,2,1,0,0,0,2,8,0.0
18.0,2,678,2,0,0,0,0,1,8,1.0
43.0,2,679,2,0,2,2,0,3,8,0.0
36.0,0,680,0,1,3,3,1,2,1,1.0
17.3,1,681,2,0,0,0,0,1,8,0.0
27.0,0,682,0,1,3,2,0,2,3,1.0
20.0,2,683,2,1,0,0,0,2,8,0.0
14.0,2,684,2,1,2,2,0,2,8,0.0
60.0,2,685,1,1,2,2,1,2,8,0.0
25.0,0,686,1,1,2,2,1,2,8,0.0
14.0,2,687,2,1,2,2,0,2,8,0.0
19.0,2,688,2,1,0,0,0,2,8,0.0
18.0,2,689,2,1,0,0,0,2,8,0.0
15.0,2,690,0,0,3,3,1,1,1,1.0
31.0,2,691,0,1,3,2,1,2,1,1.0
4.0,0,692,2,0,1,1,1,1,8,1.0
28.3,2,693,2,1,3,2,0,2,8,1.0
25.0,0,694,2,1,0,0,0,2,8,0.0
60.0,2,695,0,1,2,2,0,2,8,0.0
52.0,2,696,1,1,1,1,0,2,8,0.0
44.0,2,697,2,1,0,0,0,2,8,0.0
17.3,1,698,2,0,0,0,0,1,8,1.0
49.0,0,699,0,1,3,3,1,2,2,0.0
42.0,2,700,2,1,0,0,0,2,5,0.0
18.0,0,701,0,0,3,3,1,3,2,1.0
35.0,2,702,0,1,2,2,0,2,4,1.0
18.0,0,703,2,0,1,1,1,1,8,0.0
25.0,1,704,2,1,0,0,0,2,8,0.0
26.0,2,705,2,1,0,0,1,2,8,0.0
39.0,2,706,1,1,2,2,0,2,8,0.0
45.0,2,707,1,0,1,1,0,3,8,1.0
42.0,2,708,0,1,2,2,0,2,4,1.0
22.0,2,709,0,0,3,3,0,1,8,1.0
6.1,0,710,2,1,1,1,1,0,8,1.0
24.0,0,711,0,0,2,2,0,1,2,1.0
42.2,2,712,0,1,2,2,0,2,2,0.0
48.0,2,713,0,1,3,2,1,2,2,1.0
29.0,2,714,2,1,0,0,0,2,8,0.0
52.0,2,715,1,1,0,1,0,2,8,0.0
19.0,2,716,2,1,0,0,0,2,5,0.0
38.0,0,717,0,0,3,3,0,1,2,1.0
27.0,2,718,1,0,0,1,0,1,4,1.0
28.3,1,719,2,1,1,1,0,2,8,0.0
33.0,2,720,2,1,0,0,0,2,8,0.0
6.0,2,721,1,0,2,2,1,1,8,1.0
17.0,2,722,2,1,0,0,1,2,8,0.0
34.0,2,723,1,1,0,1,0,2,8,0.0
50.0,2,724,1,1,0,1,0,2,8,0.0
27.0,2,725,0,1,3,2,1,2,4,1.0
20.0,2,726,2,1,0,0,0,2,8,0.0
30.0,2,727,1,0,1,2,1,3,8,1.0
17.3,1,728,2,0,0,0,0,1,8,1.0
25.0,2,729,1,1,2,2,1,2,8,0.0
25.0,2,730,2,0,0,0,1,1,8,0.0
29.0,2,731,0,0,3,3,0,1,1,1.0
11.0,0,732,2,1,1,1,0,2,8,0.0
33.0,2,733,1,1,-1,-1,0,2,8,0.0
23.0,2,734,1,1,0,1,0,2,8,0.0
23.0,2,735,1,1,0,1,0,2,8,0.0
28.5,2,736,2,1,1,1,0,2,8,0.0
48.0,2,737,2,0,2,2,0,3,8,0.0
35.0,0,738,0,1,3,3,0,2,1,1.0
28.3,2,739,2,1,0,0,0,2,8,0.0
28.3,2,740,2,1,0,0,0,2,8,0.0
42.2,2,741,0,1,2,2,0,2,3,1.0
36.0,2,742,0,1,3,2,1,2,2,0.0
21.0,0,743,0,0,3,3,0,1,1,1.0
24.0,2,744,2,1,1,1,1,2,8,0.0
31.0,2,745,2,1,0,0,0,2,8,1.0
70.0,2,746,0,1,3,2,1,2,1,0.0
16.0,2,747,2,1,1,1,1,2,8,0.0
30.0,2,748,1,0,0,1,0,1,8,1.0
19.0,2,749,0,1,3,2,1,2,3,0.0
31.0,1,750,2,1,0,0,0,2,8,0.0
4.0,2,751,1,0,2,2,1,1,8,1.0
6.0,2,752,2,1,0,1,1,0,4,1.0
33.0,2,753,2,1,0,0,0,2,8,0.0
23.0,2,754,2,1,0,0,0,2,8,0.0
48.0,2,755,1,0,3,2,1,3,8,1.0
0.67,2,756,1,1,1,1,1,0,8,1.0
28.0,2,757,2,1,0,0,0,2,8,0.0
18.0,2,758,1,1,0,1,0,2,8,0.0
34.0,2,759,2,1,0,0,0,2,8,0.0
33.0,2,760,0,0,3,2,0,3,1,1.0
28.3,2,761,2,1,1,1,0,2,8,0.0
41.0,2,762,2,1,0,0,0,2,8,0.0
20.0,0,763,2,1,0,0,0,2,8,1.0
36.0,2,764,0,0,3,3,1,3,1,1.0
16.0,2,765,2,1,0,0,0,2,8,0.0
51.0,2,766,0,0,3,2,1,3,3,1.0
42.2,0,767,0,1,2,2,0,2,8,0.0
30.5,1,768,2,0,0,0,0,1,8,0.0
28.3,1,769,2,1,2,1,1,2,8,0.0
32.0,2,770,2,1,0,0,0,2,8,0.0
24.0,2,771,2,1,0,0,0,2,8,0.0
48.0,2,772,2,1,0,0,0,2,8,0.0
57.0,2,773,1,0,0,1,0,3,4,0.0
28.3,0,774,2,1,0,0,0,2,8,0.0
54.0,2,775,1,0,2,2,0,3,8,1.0
18.0,2,776,2,1,0,0,0,2,8,0.0
28.3,1,777,2,1,0,0,0,2,5,0.0
5.0,2,778,2,0,0,1,0,1,8,1.0
28.3,1,779,2,1,0,0,0,2,8,0.0
43.0,2,780,0,0,3,3,1,3,1,1.0
13.0,0,781,2,0,0,0,0,1,8,1.0
17.0,2,782,0,0,3,2,1,3,1,1.0
29.0,2,783,0,1,2,2,0,2,3,0.0
28.3,2,784,2,1,2,1,1,2,8,0.0
25.0,2,785,2,1,0,0,0,2,8,0.0
25.0,2,786,2,1,0,0,0,2,8,0.0
18.0,2,787,2,0,0,0,0,1,8,1.0
8.0,1,788,2,1,2,1,0,0,8,0.0
1.0,2,789,2,1,1,1,1,0,8,1.0
46.0,0,790,0,1,3,2,0,2,1,0.0
28.3,1,791,2,1,0,0,0,2,8,0.0
16.0,2,792,1,1,2,2,0,2,8,0.0
17.3,2,793,2,0,3,2,0,1,8,0.0
42.2,0,794,0,1,2,2,0,2,8,0.0
25.0,2,795,2,1,0,0,0,2,8,0.0
39.0,2,796,1,1,0,1,0,2,8,0.0
49.0,2,797,0,0,2,2,0,2,3,1.0
31.0,2,798,2,0,0,0,0,3,8,1.0
30.0,0,799,2,1,0,0,0,2,8,0.0
30.0,2,800,2,0,2,1,1,3,8,0.0
34.0,2,801,1,1,0,1,0,2,8,0.0
31.0,2,802,1,0,2,2,1,3,8,1.0
11.0,2,803,0,1,3,3,1,0,1,1.0
0.42,0,804,2,1,0,0,1,0,8,1.0
27.0,2,805,2,1,0,0,0,2,8,1.0
31.0,2,806,2,1,0,0,0,2,8,0.0
39.0,2,807,0,1,-1,-1,0,2,0,0.0
18.0,2,808,2,0,0,0,0,1,8,0.0
39.0,2,809,1,1,0,1,0,2,8,0.0
33.0,2,810,0,0,3,2,1,3,4,1.0
26.0,2,811,2,1,0,0,0,2,8,0.0
39.0,2,812,2,1,2,1,0,2,8,0.0
35.0,2,813,1,1,0,1,0,2,8,0.0
6.0,2,814,2,0,2,2,0,1,8,0.0
30.5,2,815,2,1,0,0,0,2,8,0.0
42.2,2,816,0,1,-1,-1,0,2,1,0.0
23.0,2,817,2,0,0,0,0,1,8,0.0
31.0,0,818,1,1,2,2,1,2,8,0.0
43.0,2,819,2,1,0,0,0,2,8,0.0
10.0,2,820,2,1,2,1,0,0,8,0.0
52.0,2,821,0,0,3,3,1,3,1,1.0
27.0,2,822,2,1,0,0,0,2,8,1.0
38.0,2,823,0,1,-1,-1,0,2,8,0.0
27.0,2,824,2,0,0,1,1,3,4,1.0
2.0,2,825,2,1,2,2,0,0,8,0.0
28.3,1,826,2,1,0,0,0,2,8,0.0
28.3,2,827,2,1,3,2,0,2,8,0.0
1.0,0,828,1,1,2,2,1,0,8,1.0
28.3,1,829,2,1,0,0,0,2,8,1.0
62.0,0,830,0,0,3,2,0,3,1,1.0
15.0,0,831,2,0,1,1,1,3,8,1.0
0.83,2,832,1,1,1,1,1,0,8,1.0
28.3,0,833,2,1,0,0,0,2,8,0.0
23.0,2,834,2,1,0,0,0,2,8,0.0
18.0,2,835,2,1,0,0,0,2,8,0.0
39.0,0,836,0,0,3,2,1,1,4,1.0
21.0,2,837,2,1,0,0,0,2,8,0.0
28.3,2,838,2,1,0,0,0,2,8,0.0
32.0,2,839,2,1,3,2,0,2,8,1.0
42.2,0,840,0,1,2,2,0,2,2,1.0
20.0,2,841,2,1,0,0,0,2,8,0.0
16.0,2,842,1,1,0,1,0,2,8,0.0
30.0,0,843,0,0,2,2,0,1,8,1.0
34.5,0,844,2,1,0,0,0,2,8,0.0
17.0,2,845,2,1,0,0,0,2,8,0.0
42.0,2,846,2,1,0,0,0,2,8,0.0
28.3,2,847,2,1,3,2,0,2,8,0.0
35.0,0,848,2,1,0,0,0,2,8,0.0
28.0,2,849,1,1,2,2,1,2,8,0.0
43.0,0,850,0,0,3,3,1,3,2,1.0
4.0,2,851,2,1,2,2,0,0,8,0.0
74.0,2,852,2,1,0,0,0,2,8,0.0
9.0,0,853,2,0,1,1,1,1,8,0.0
16.0,2,854,0,0,2,2,1,1,3,1.0
44.0,2,855,1,0,2,2,1,3,8,0.0
18.0,2,856,2,0,0,0,1,3,8,1.0
45.0,2,857,0,0,3,3,1,3,8,1.0
51.0,2,858,0,1,2,2,0,2,4,1.0
24.0,0,859,2,0,1,1,1,3,8,1.0
28.3,0,860,2,1,0,0,0,2,8,0.0
41.0,2,861,2,1,1,1,1,2,8,0.0
21.0,2,862,1,1,0,1,1,2,8,0.0
48.0,2,863,0,0,2,2,0,3,3,1.0
17.3,2,864,2,0,3,2,0,1,8,0.0
24.0,2,865,1,1,0,1,0,2,8,0.0
42.0,2,866,1,0,0,1,0,3,8,1.0
27.0,0,867,1,0,1,1,1,1,8,1.0
31.0,2,868,0,1,3,2,0,2,0,0.0
28.3,2,869,2,1,0,0,0,2,8,0.0
4.0,2,870,2,1,0,0,1,0,8,1.0
26.0,2,871,2,1,0,0,0,2,8,0.0
47.0,2,872,0,0,3,2,1,3,3,1.0
33.0,2,873,0,1,0,1,0,2,1,0.0
47.0,2,874,2,1,0,0,0,2,8,0.0
28.0,0,875,1,0,2,2,1,3,8,1.0
15.0,0,876,2,0,0,0,0,1,8,1.0
20.0,2,877,2,1,0,0,0,2,8,0.0
19.0,2,878,2,1,0,0,0,2,8,0.0
28.3,2,879,2,1,0,0,0,2,8,0.0
56.0,0,880,0,0,3,2,1,3,2,1.0
25.0,2,881,1,0,2,2,1,3,8,1.0
33.0,2,882,2,1,0,0,0,2,8,0.0
22.0,2,883,2,0,0,0,0,1,8,0.0
28.0,2,884,1,1,0,1,0,2,8,0.0
25.0,2,885,2,1,0,0,0,2,8,0.0
39.0,1,886,2,0,2,1,0,3,8,0.0
27.0,2,887,1,1,0,1,0,2,8,0.0
19.0,2,888,0,0,2,2,0,1,1,1.0
17.3,2,889,2,0,2,1,1,1,8,0.0
26.0,0,890,0,1,2,2,0,2,2,1.0
32.0,1,891,2,1,0,0,0,2,8,0.0
34.5,1,892,2,1,0,0,0,2,8,
47.0,2,893,2,0,0,0,1,3,8,
62.0,1,894,1,1,0,1,0,2,8,
27.0,2,895,2,1,0,0,0,2,8,
22.0,2,896,2,0,0,1,1,3,8,
14.0,2,897,2,1,0,0,0,2,8,
30.0,1,898,2,0,0,0,0,1,8,
26.0,2,899,1,1,2,2,1,2,8,
18.0,0,900,2,0,0,0,0,3,8,
21.0,2,901,2,1,2,1,1,2,8,
28.3,2,902,2,1,0,0,0,2,8,
46.0,2,903,0,1,2,2,0,2,8,
23.0,2,904,0,0,3,2,1,3,1,
63.0,2,905,1,1,2,2,1,2,8,
47.0,2,906,0,0,3,2,1,3,4,
24.0,0,907,1,0,2,2,1,3,8,
35.0,1,908,1,1,0,1,0,2,8,
21.0,0,909,2,1,0,0,0,2,8,
27.0,2,910,2,0,0,0,1,1,8,
45.0,0,911,2,0,0,0,0,3,8,
55.0,0,912,0,1,3,2,1,2,8,
9.0,2,913,2,1,0,0,1,0,8,
43.0,2,914,0,0,2,2,0,3,8,
21.0,0,915,0,1,3,2,1,2,8,
48.0,0,916,0,0,3,3,0,3,1,
50.0,2,917,2,1,1,1,1,2,8,
22.0,0,918,0,0,3,2,1,1,1,
22.5,0,919,2,1,0,0,0,2,8,
41.0,2,920,0,1,2,2,0,2,0,
28.3,0,921,2,1,2,1,1,2,8,
50.0,2,922,1,1,2,2,1,2,8,
24.0,2,923,1,1,2,2,1,2,8,
33.0,2,924,2,0,1,1,1,3,8,
32.3,2,925,2,0,2,1,1,3,8,
30.0,0,926,0,1,3,2,1,2,2,
18.5,0,927,2,1,0,0,0,2,8,
17.3,2,928,2,0,0,0,0,1,8,
21.0,2,929,2,0,0,0,0,1,8,
25.0,2,930,2,1,0,0,0,2,8,
28.3,2,931,2,1,3,2,0,2,8,
39.0,0,932,2,1,1,1,1,2,8,
42.2,2,933,0,1,2,2,0,2,3,
41.0,2,934,2,1,0,0,0,2,8,
30.0,2,935,1,0,0,1,0,3,8,
45.0,2,936,0,0,3,2,1,3,3,
25.0,2,937,2,1,0,0,0,2,8,
45.0,0,938,0,1,2,2,0,2,0,
28.3,1,939,2,1,0,0,0,2,8,
60.0,0,940,0,0,3,2,0,3,3,
36.0,2,941,2,0,1,1,1,3,8,
24.0,2,942,0,1,3,2,1,2,2,
27.0,0,943,1,1,1,1,0,2,8,
20.0,2,944,1,0,2,2,1,1,8,
28.0,2,945,0,0,3,3,0,1,2,
33.0,0,946,1,1,1,1,0,2,8,
10.0,1,947,2,1,2,1,0,0,8,
35.0,2,948,2,1,0,0,0,2,8,
25.0,2,949,2,1,0,0,0,2,5,
28.3,2,950,2,1,1,1,1,2,8,
36.0,0,951,0,0,3,3,0,1,1,
17.0,2,952,2,1,0,0,0,2,8,
32.0,2,953,1,1,1,1,0,2,8,
18.0,2,954,2,1,0,0,0,2,8,
22.0,1,955,2,0,0,0,0,1,8,
13.0,0,956,0,1,3,3,0,0,1,
33.5,2,957,1,0,1,2,0,3,8,
18.0,1,958,2,0,0,0,0,1,8,
47.0,2,959,0,1,2,2,0,2,8,
31.0,0,960,0,1,2,2,0,2,2,
60.0,2,961,0,0,3,3,0,3,2,
24.0,1,962,2,0,0,0,0,1,8,
21.0,2,963,2,1,0,0,0,2,8,
29.0,2,964,2,0,0,0,0,1,8,
28.5,0,965,0,1,2,2,0,2,3,
35.0,0,966,0,0,3,3,0,1,2,
32.5,0,967,0,1,3,3,0,2,2,
28.3,2,968,2,1,0,0,0,2,8,
55.0,2,969,0,0,2,2,1,3,2,
30.0,2,970,1,1,0,1,0,2,8,
24.0,1,971,2,0,0,0,0,1,8,
6.0,0,972,2,1,1,1,1,0,8,
67.0,2,973,0,1,3,3,1,2,2,
49.0,2,974,0,1,2,2,0,2,8,
28.3,2,975,2,1,0,0,0,2,8,
33.0,1,976,1,1,0,1,0,2,8,
28.3,0,977,2,1,1,1,1,2,8,
27.0,1,978,2,0,0,0,0,1,8,
18.0,2,979,2,0,0,0,0,1,8,
17.3,1,980,2,0,0,0,0,1,8,
2.0,2,981,1,1,2,2,1,0,8,
22.0,2,982,2,0,1,1,1,3,8,
28.3,2,983,2,1,0,0,0,2,8,
27.0,2,984,0,0,3,2,1,3,1,
28.3,2,985,2,1,0,0,0,2,8,
25.0,0,986,0,1,2,2,0,2,8,
25.0,2,987,2,1,0,0,0,2,8,
76.0,2,988,0,0,3,2,1,3,2,
29.0,2,989,2,1,0,0,0,2,8,
20.0,2,990,2,0,0,0,0,1,8,
33.0,2,991,2,1,0,0,0,2,8,
43.0,0,992,0,0,3,2,1,3,2,
27.0,2,993,1,1,2,2,1,2,8,
28.3,1,994,2,1,0,0,0,2,8,
26.0,2,995,2,1,0,0,0,2,8,
16.0,0,996,2,0,0,0,1,3,8,
28.0,2,997,2,1,2,1,0,2,8,
21.0,1,998,2,1,0,0,0,2,8,
28.3,1,999,2,1,0,0,0,2,8,
28.3,2,1000,2,1,0,0,0,2,8,
18.5,2,1001,1,1,0,1,0,2,5,
41.0,0,1002,1,1,1,1,0,2,8,
17.3,1,1003,2,0,0,0,0,1,8,
36.0,0,1004,0,0,2,2,0,1,0,
18.5,1,1005,2,0,0,0,0,1,8,
63.0,2,1006,0,0,3,3,1,3,2,
18.0,0,1007,2,1,1,1,1,2,8,
28.3,0,1008,2,1,0,0,0,2,8,
1.0,2,1009,2,0,1,1,1,1,6,
36.0,0,1010,0,1,3,2,0,2,2,
29.0,2,1011,1,0,2,2,1,3,8,
12.0,2,1012,1,0,1,1,0,1,8,
28.3,1,1013,2,1,0,0,1,2,8,
35.0,0,1014,0,0,3,2,1,3,2,
28.0,2,1015,2,1,0,0,0,2,8,
28.3,1,1016,2,1,0,0,0,2,8,
17.0,2,1017,2,0,1,1,1,1,8,
22.0,2,1018,2,1,0,0,0,2,8,
17.3,1,1019,2,0,2,1,1,1,8,
42.0,2,1020,1,1,0,1,0,2,8,
24.0,2,1021,2,1,0,0,0,2,8,
32.0,2,1022,2,1,0,0,0,2,8,
53.0,0,1023,0,1,2,2,0,2,2,
32.3,2,1024,2,0,2,1,0,3,8,
28.3,0,1025,2,1,0,0,1,2,8,
43.0,2,1026,2,1,0,0,0,2,8,
24.0,2,1027,2,1,0,0,0,2,8,
26.5,0,1028,2,1,0,0,0,2,8,
26.0,2,1029,1,1,0,1,0,2,8,
23.0,2,1030,2,0,0,0,0,1,8,
40.0,2,1031,2,1,2,2,0,2,8,
10.0,2,1032,2,0,2,2,0,1,8,
33.0,2,1033,0,0,3,3,0,1,8,
61.0,0,1034,0,1,3,3,0,2,1,
28.0,2,1035,1,1,2,2,0,2,8,
42.0,2,1036,0,1,2,2,0,2,8,
31.0,2,1037,2,1,1,1,1,2,8,
42.2,2,1038,0,1,3,2,0,2,4,
22.0,2,1039,2,1,0,0,0,2,8,
42.2,2,1040,0,1,2,2,0,2,8,
30.0,2,1041,1,1,2,2,1,2,8,
23.0,0,1042,0,0,3,2,1,3,2,
28.3,0,1043,2,1,0,0,0,2,8,
60.5,2,1044,2,1,1,1,0,2,8,
36.0,2,1045,2,0,0,1,1,3,8,
13.0,2,1046,2,1,2,2,0,0,8,
24.0,2,1047,2,1,0,0,0,2,8,
29.0,2,1048,0,0,3,3,0,1,2,
23.0,2,1049,2,0,0,0,0,1,8,
42.0,2,1050,0,1,2,2,0,2,3,
26.0,2,1051,2,0,1,1,1,3,8,
17.3,1,1052,2,0,0,0,0,1,8,
7.0,0,1053,2,1,1,1,1,0,8,
26.0,2,1054,1,0,1,1,0,1,8,
28.3,2,1055,2,1,0,0,0,2,8,
41.0,2,1056,1,1,0,1,0,2,8,
26.0,2,1057,2,0,2,1,1,3,8,
48.0,0,1058,0,1,3,2,0,2,1,
18.0,2,1059,2,1,2,2,0,2,8,
43.0,0,1060,0,0,2,2,0,3,8,
22.0,2,1061,2,0,0,0,0,1,8,
28.3,2,1062,2,1,0,0,0,2,8,
27.0,0,1063,2,1,0,0,0,2,8,
23.0,2,1064,2,1,1,1,1,2,8,
28.3,0,1065,2,1,0,0,0,2,8,
40.0,2,1066,2,1,2,2,0,2,8,
15.0,2,1067,1,0,2,2,1,1,8,
20.0,2,1068,1,0,2,2,0,1,8,
54.0,0,1069,0,1,3,2,1,2,2,
36.0,2,1070,1,0,2,2,1,3,5,
64.0,0,1071,0,0,3,2,1,3,4,
30.0,2,1072,1,1,0,1,0,2,8,
37.0,0,1073,0,1,3,2,1,2,4,
18.0,2,1074,0,0,3,2,1,3,3,
28.3,1,1075,2,1,0,0,0,2,8,
27.0,0,1076,0,0,3,3,1,3,1,
40.0,2,1077,1,1,1,1,0,2,8,
21.0,2,1078,1,0,1,2,1,1,8,
17.0,2,1079,2,1,0,0,1,2,8,
17.3,2,1080,2,0,3,2,0,1,8,
40.0,2,1081,1,1,0,1,0,2,8,
34.0,2,1082,1,1,2,2,1,2,8,
42.2,2,1083,0,1,2,2,0,2,8,
11.5,2,1084,2,1,1,1,1,0,8,
61.0,1,1085,1,1,0,1,0,2,8,
8.0,2,1086,1,1,2,2,1,0,8,
33.0,2,1087,2,1,0,0,0,2,8,
6.0,0,1088,0,1,3,3,1,0,4,
18.0,2,1089,2,0,0,0,0,1,8,
23.0,2,1090,1,1,0,1,0,2,8,
32.3,2,1091,2,0,0,0,0,3,8,
17.3,1,1092,2,0,1,1,0,1,8,
0.33,2,1093,2,1,1,1,1,0,8,
47.0,0,1094,0,1,3,3,1,2,2,
8.0,2,1095,1,0,2,2,1,1,8,
25.0,2,1096,1,1,0,1,0,2,8,
42.2,0,1097,0,1,2,2,0,2,8,
35.0,1,1098,2,0,0,0,0,1,8,
24.0,2,1099,1,1,0,1,0,2,8,
33.0,0,1100,0,0,2,2,0,1,0,
25.0,2,1101,2,1,0,0,0,2,8,
32.0,2,1102,2,1,2,1,0,2,8,
28.3,2,1103,2,1,0,0,0,2,8,
17.0,2,1104,1,1,3,2,0,2,8,
60.0,2,1105,1,0,2,2,1,3,8,
38.0,2,1106,2,0,0,0,0,1,8,
42.0,2,1107,0,1,2,2,0,2,1,
17.3,1,1108,2,0,0,0,0,1,8,
57.0,2,1109,0,1,3,3,1,2,8,
50.0,0,1110,0,0,3,3,1,3,2,
28.3,2,1111,2,1,0,0,0,2,8,
30.0,0,1112,1,0,1,1,1,1,8,
21.0,2,1113,2,1,0,0,0,2,8,
22.0,2,1114,1,0,0,1,0,3,5,
21.0,2,1115,2,1,0,0,0,2,8,
53.0,0,1116,0,0,2,2,0,3,8,
32.3,0,1117,2,0,1,1,1,3,8,
23.0,2,1118,2,1,0,0,0,2,8,
17.3,1,1119,2,0,0,0,0,1,8,
40.5,2,1120,2,1,1,1,0,2,8,
36.0,2,1121,1,1,0,1,0,2,8,
14.0,2,1122,1,1,3,2,0,2,8,
21.0,2,1123,0,0,2,2,0,1,8,
21.0,2,1124,2,1,0,0,1,2,8,
28.3,1,1125,2,1,0,0,0,2,8,
39.0,0,1126,0,1,3,2,1,2,2,
20.0,2,1127,2,1,0,0,0,2,8,
64.0,0,1128,0,1,3,2,1,2,3,
20.0,0,1129,2,1,0,0,0,2,8,
18.0,2,1130,1,0,0,1,1,1,8,
48.0,0,1131,0,0,3,3,1,3,2,
55.0,0,1132,0,0,2,2,0,3,8,
45.0,2,1133,1,0,2,2,1,3,8,
45.0,0,1134,0,1,3,3,1,2,4,
28.3,2,1135,2,1,0,0,0,2,8,
6.1,2,1136,2,1,2,1,1,0,8,
41.0,2,1137,0,1,3,2,1,2,3,
22.0,2,1138,1,0,1,2,0,3,8,
42.0,2,1139,1,1,2,2,1,2,8,
29.0,2,1140,1,0,2,2,1,3,8,
32.3,0,1141,2,0,1,1,1,3,8,
0.92,2,1142,1,0,2,2,1,1,8,
20.0,2,1143,2,1,0,0,0,2,8,
27.0,0,1144,0,1,3,3,1,2,2,
24.0,2,1145,2,1,0,0,0,2,8,
32.5,2,1146,2,1,0,0,0,2,8,
28.3,2,1147,2,1,0,0,0,2,8,
28.3,1,1148,2,1,0,0,0,2,8,
28.0,2,1149,2,1,0,0,0,2,8,
19.0,2,1150,1,0,0,1,0,1,8,
21.0,2,1151,2,1,0,0,0,2,8,
36.5,2,1152,2,1,1,1,1,2,8,
21.0,2,1153,2,1,0,0,0,2,8,
29.0,2,1154,1,0,2,2,1,3,8,
1.0,2,1155,2,0,0,1,1,1,8,
30.0,0,1156,1,1,0,1,0,2,8,
28.3,2,1157,2,1,0,0,0,2,8,
42.2,2,1158,0,1,-1,-1,0,2,8,
28.3,2,1159,2,1,0,0,0,2,8,
17.3,2,1160,2,0,0,0,0,1,8,
17.0,2,1161,2,1,0,0,0,2,8,
46.0,0,1162,0,1,3,2,0,2,2,
28.3,1,1163,2,1,0,0,0,2,8,
26.0,0,1164,0,0,3,3,1,3,2,
17.3,1,1165,2,0,1,1,1,1,8,
28.3,0,1166,2,1,0,0,0,2,8,
20.0,2,1167,1,0,2,2,1,1,8,
28.0,2,1168,1,1,0,1,0,2,8,
40.0,2,1169,1,1,2,2,1,2,8,
30.0,2,1170,1,1,1,2,1,2,8,
22.0,2,1171,1,1,0,1,0,2,8,
23.0,2,1172,2,0,0,0,0,1,8,
0.75,2,1173,2,1,1,1,1,0,8,
17.3,1,1174,2,0,0,0,0,1,8,
9.0,0,1175,2,0,1,1,1,1,8,
2.0,2,1176,2,0,1,1,1,1,8,
36.0,2,1177,2,1,0,0,0,2,8,
28.3,2,1178,2,1,0,0,0,2,8,
24.0,2,1179,0,1,3,2,1,2,1,
28.3,0,1180,2,1,0,0,0,2,5,
28.3,2,1181,2,1,0,0,0,2,8,
42.2,2,1182,0,1,2,2,0,2,8,
30.0,1,1183,2,0,0,0,0,1,8,
28.3,0,1184,2,1,0,0,0,2,8,
53.0,2,1185,0,1,3,2,1,2,0,
36.0,2,1186,2,1,0,0,0,2,8,
26.0,2,1187,2,1,0,0,0,2,8,
1.0,0,1188,1,0,2,2,1,1,8,
28.3,0,1189,2,1,2,1,1,2,8,
30.0,2,1190,0,1,2,2,0,2,8,
29.0,2,1191,2,1,0,0,0,2,8,
32.0,2,1192,2,1,0,0,0,2,8,
33.0,0,1193,1,1,1,1,0,2,3,
43.0,2,1194,1,1,1,2,1,2,8,
24.0,2,1195,2,1,0,0,0,2,8,
17.3,1,1196,2,0,0,0,0,1,8,
64.0,2,1197,0,0,2,2,1,3,1,
30.0,2,1198,0,1,3,3,1,2,2,
0.83,2,1199,2,1,0,0,1,0,8,
55.0,2,1200,0,1,3,3,1,2,1,
45.0,2,1201,2,0,1,1,1,3,8,
18.0,2,1202,2,1,0,0,0,2,8,
22.0,0,1203,2,1,0,0,0,2,8,
28.3,2,1204,2,1,0,0,0,2,8,
37.0,1,1205,2,0,0,0,0,1,8,
55.0,0,1206,0,0,3,3,0,3,2,
17.0,1,1207,2,0,0,0,0,1,8,
57.0,0,1208,0,1,3,3,1,2,1,
19.0,2,1209,1,1,0,1,0,2,8,
27.0,2,1210,2,1,0,0,0,2,8,
22.0,2,1211,1,1,2,2,1,2,8,
26.0,2,1212,2,1,0,0,0,2,8,
25.0,0,1213,2,1,0,0,0,2,5,
26.0,2,1214,1,1,0,1,0,2,5,
33.0,2,1215,0,1,2,2,0,2,8,
39.0,2,1216,0,0,3,3,0,1,8,
23.0,2,1217,2,1,0,0,0,2,8,
12.0,2,1218,1,0,2,2,1,1,5,
46.0,0,1219,0,1,3,2,0,2,8,
29.0,2,1220,1,1,2,2,1,2,8,
21.0,2,1221,1,1,0,1,0,2,8,
48.0,2,1222,1,0,2,2,1,3,8,
39.0,0,1223,0,1,2,2,0,2,0,
28.3,0,1224,2,1,0,0,0,2,8,
19.0,0,1225,2,0,1,1,1,3,8,
27.0,2,1226,2,1,0,0,0,2,8,
30.0,2,1227,0,1,2,2,0,2,2,
32.0,2,1228,1,1,0,1,0,2,8,
39.0,0,1229,2,1,0,0,1,2,8,
25.0,2,1230,1,1,2,2,0,2,8,
6.1,0,1231,2,1,0,0,0,0,8,
18.0,2,1232,1,1,0,1,0,2,8,
32.0,2,1233,2,1,0,0,0,2,8,
28.3,2,1234,2,1,3,2,0,2,8,
58.0,0,1235,0,0,3,3,1,3,1,
6.1,2,1236,2,1,1,1,1,0,8,
16.0,2,1237,2,0,0,0,0,1,8,
26.0,2,1238,1,1,0,1,0,2,8,
38.0,0,1239,2,0,0,0,0,3,8,
24.0,2,1240,1,1,1,1,0,2,8,
31.0,2,1241,1,0,1,2,0,1,8,
45.0,0,1242,0,0,3,2,1,3,3,
25.0,2,1243,1,1,0,1,0,2,8,
18.0,2,1244,1,1,3,2,0,2,8,
49.0,2,1245,1,1,3,2,1,2,8,
0.17,2,1246,2,0,1,1,1,1,8,
50.0,2,1247,0,1,2,2,0,2,4,
59.0,2,1248,0,0,3,2,1,3,2,
28.3,2,1249,2,1,0,0,0,2,8,
28.3,1,1250,2,1,0,0,0,2,8,
30.0,2,1251,2,0,1,1,1,3,8,
14.5,2,1252,2,1,3,2,0,0,8,
24.0,0,1253,1,0,2,2,1,3,8,
31.0,2,1254,1,0,1,2,0,3,8,
27.0,2,1255,2,1,0,0,0,2,8,
25.0,0,1256,0,0,3,2,1,3,4,
32.3,2,1257,2,0,3,2,0,3,8,
28.3,0,1258,2,1,1,1,1,2,8,
22.0,2,1259,2,0,2,2,0,1,8,
45.0,0,1260,0,0,3,2,1,3,8,
29.0,0,1261,1,1,1,1,0,2,8,
21.0,2,1262,1,1,0,1,1,2,8,
31.0,0,1263,0,0,3,3,0,1,4,
49.0,2,1264,0,1,-1,-1,0,2,1,
44.0,2,1265,1,1,0,1,0,2,8,
54.0,2,1266,0,0,3,2,1,3,0,
45.0,0,1267,0,0,3,3,0,1,8,
22.0,2,1268,2,0,0,0,1,1,8,
21.0,2,1269,1,1,0,1,0,2,8,
55.0,2,1270,0,1,2,2,0,2,2,
5.0,2,1271,2,1,2,2,0,0,8,
28.3,1,1272,2,1,0,0,0,2,8,
26.0,1,1273,2,1,0,0,0,2,8,
32.3,2,1274,2,0,1,1,0,3,8,
19.0,2,1275,2,0,1,1,1,3,8,
33.0,2,1276,1,1,0,1,0,2,8,
24.0,2,1277,1,0,3,2,1,1,8,
24.0,2,1278,2,1,0,0,0,2,8,
57.0,2,1279,1,1,0,1,0,2,8,
21.0,1,1280,2,1,0,0,0,2,8,
6.0,2,1281,2,1,2,1,0,0,8,
23.0,2,1282,0,1,3,3,0,2,1,
51.0,2,1283,0,0,2,2,1,3,3,
13.0,2,1284,2,1,1,1,1,0,8,
47.0,2,1285,1,1,0,1,0,2,8,
29.0,2,1286,2,1,2,1,0,2,8,
18.0,2,1287,0,0,3,2,1,3,2,
24.0,1,1288,2,1,0,0,0,2,8,
48.0,0,1289,0,0,3,2,1,3,1,
22.0,2,1290,2,1,0,0,0,2,8,
31.0,1,1291,2,1,0,0,0,2,8,
30.0,2,1292,0,0,3,3,0,1,2,
38.0,2,1293,1,1,1,2,1,2,8,
22.0,0,1294,0,0,3,2,1,1,8,
17.0,2,1295,0,1,2,2,0,2,8,
43.0,0,1296,0,1,2,2,1,2,3,
20.0,0,1297,1,1,1,1,0,2,3,
23.0,2,1298,1,1,0,1,1,2,8,
50.0,0,1299,0,1,3,3,1,2,2,
17.3,1,1300,2,0,0,0,0,1,8,
3.0,2,1301,2,0,1,1,1,1,8,
17.3,1,1302,2,0,0,0,0,1,8,
37.0,1,1303,0,0,3,3,1,3,2,
28.0,2,1304,2,0,0,0,0,1,8,
28.3,2,1305,2,1,0,0,0,2,8,
39.0,0,1306,0,0,3,3,0,3,2,
38.5,2,1307,2,1,0,0,0,2,8,
28.3,2,1308,2,1,0,0,0,2,8,
6.1,0,1309,2,1,2,1,1,0,8,
